categoria,product_name,proteins_100g,fat_100g,carbohydrates_100g,energy-kcal_100g,nutriscore_grade
chocolate,Edelbitter-Schokolade,10,55,14,592,e
chocolate,Excellence 70% cacao noir intense,9.5,41,35,566,e
chocolate,Excellence 85% cacao,12.5,46,22,584,e
chocolate,Шоколад 85% какаова маса,10.8,46.8,21.4,552,d
chocolate,Chocolate con leche y almendras,5.33333333333333,32,53.3333333333333,533.333333333333,d
chocolate,Excellence 85% Cacao Rich Dark,12.5,46,22,584,e
chocolate,Čokoláda 74%,9.9,42,32,571,e
chocolate,Nestlé dessert Noir,6,34,50.7,548,e
chocolate,78% cacao,10,46,24,570.028680688336,e
chocolate,Lindt Excellence 70% Cocoa,9,41,34,565,e
chocolate,NEGRO 70% CACAO,8.4,40,31.9,439,e
chocolate,Chocolat au lait,6.5,31,57,539,e
chocolate,99% Cocoa / Cacao,14,49,10,537,e
chocolate,Bio Chocolat Noir,8.5,41.6,35.3,572,e
chocolate,Noir equitable 85% Pérou,8.1,53,24,631,d
chocolate,180G C OR NOIR NOISETTE,7.3,39,43,570,e
chocolate,Excellence Noir à la Pointe de Fleur de Sel,5.7,32,52,561.902485659655,e
chocolate,Chocolat noir 85% Madagascar,11,51,24,619,d
chocolate,Chocolat noir Equateur Bio,9,55.3,20.6,639,d
chocolate,Noir 70% Intense,7,46.5,32,600,e
chocolate,Noir intense dessert 70%,9.6,38,35,545,e
chocolate,Excellence Noir Délicat Doux 85% Cacao,8.9,55,19,603,e
chocolate,Edelbitter Mild 90%,11,51.9,16.2,608,d
chocolate,100% Cacao Noir Profond,13,54,11,614,d
chocolate,Chocolat noir 75% Pérou,7.3,46,33,597,d
chocolate,180G LT NOISETTE COTE D OR,9.3,36,45,555,e
chocolate,Chocolat noir 80% Équateur intense et floral,9.9,49,28,610,d
chocolate,Chocolate negro,9.6,42,32,567,e
chocolate,Noir 86% Extra intense,8.5,56,18,645,d
chocolate,Chocolat Bio noir 85%,1.8,8.9,4.2,109,c
chocolate,NESTLÉ DESSERT 70% Absolu 170g,9,44.7,33,592,e
chocolate,Pérou grand cru Amazonas 70% note de fruits rouges,8.3,43,32,575,e
chocolate,Noir Extra,4.9,28,55,508,e
chocolate,Excellence Noir Orange Intense,7,32,51,535,e
chocolate,80% cacao noir,10,47,26,593,d
chocolate,chocolat 90% Perou,8.5,56,20,644,d
chocolate,NESTLÉ DESSERT Noir 2x205g,5.9,34.6,50.6,551,e
chocolate,NESTLÉ DESSERT Corsé 200g,8.3,37.3,40.6,554,e
chocolate,NAPOLITAIN,,,,,unknown
chocolate,Chocolat Noir 92% cacao,15,49,14,580,e
chocolate,,14,47,17,569,e
chocolate,Dark chocolate,10,50,24,607,d
chocolate,Chocolat noir Bio 70%,9.1,42,36,580,e
chocolate,Excellence Lait Extra Fondant,6.4,37,51,569,e
chocolate,Organic 70% Dark Chocolate Bar,9.1,42,36,580,e
chocolate,Čokoláda na vaření,4.8,35,48,544,e
chocolate,шок.тоблерон с дробл.орехом,5.6,28,61,528.211284513806,e
chocolate,Haïti Grand cru Cap haïtien 72% cacaoté et fruité,9.5,42,35,580,e
chocolate,"Chocolat Noir 72%, Collection Pure",6.8,43,33,540,e
chocolate,Noir amandes entières,7.3,39,43,569,e
chocolate,tablette poulain fine et gourmande 70% noir moin 2%sucre,7.6,44,34,539,d
chocolate,L'original lait,7.4,28,57,520,e
chocolate,NESTLE DESSERT Noir Bio 170g,6.2,37.9,46.5,566,e
chocolate,Puur Noir 50% Cocoa,5.7,31.5,52.4,531,e
chocolate,Noir Dégustation 74% cacao,8.5,42,34,569,e
chocolate,Excellence Noir Caramel à la pointe de sel,5.4,29,56,520,e
chocolate,,9.2,39.3,30.5,512,e
chocolate,NOIR DEGUSTATION 70% CARAMEL,7.1,35.2,40.3,544,e
chocolate,EXTRA DARK 85% COCOA,10.5,48.1,21.2,585,e
chocolate,Tablette BIO dégustation Chocolat noir - 100g,8.1,42,38,581,e
chocolate,Chocolate negro. Cacao 95% mínimo,12.8,51.2,12.8,600,d
chocolate,Framboise Intense,6.1,32,52,536,e
chocolate,100G COTE D'OR NOIR ORIGINAL,5.1,30,56,528,e
chocolate,Chocolat monogram,5,30,56,528,e
chocolate,Mignonnette noir de noir,5.5,29,55,520,e
chocolate,chocolat côte d\'ivoire 88%,11,53,21,626,d
chocolate,Chocolat noir dégustation 85% cacao bio,9.1,55,20,635,d
chocolate,,4.5,35,57,519.8,e
chocolate,Création Rocher Noir,6.6,37,48,564,e
chocolate,Tentation aiguebelle,10,49.6,15,582,e
chocolate,NESTLÉ DESSERT 80% Puissant 170g,10.4,49.6,24.1,611,d
chocolate,Chocolate negro,8.9,43,34,581,e
chocolate,Tentation,7,45.5,30.3,541,d
chocolate,Menier Pâtissier Tablette,7.1,29.3,52.7,521,e
chocolate,Chocolat noir 74% Côte d'Ivoire,8.2,46,29,592,d
chocolate,سيرجيو  صغيرة,2.7,,30,,unknown
chocolate,République Dominicaine 80%,7.3,51,28,622,d
chocolate,Chocolat noir aux éclats d'amandes,7.9,36,45,554,e
chocolate,Chocolate negro 85% cacao,12,49,20,600,d
chocolate,70% équateur,6.7,43,37,582,e
chocolate,Chocolat Tentation Noir Gourmand Amandes,9.2,38.3,40.4,543,e
chocolate,Chocolat noir 70 %,7.9,42,33,565,e
chocolate,Tablette de chocolat noir 100g,8.8,41,35,572,e
chocolate,Tableta chocolate negro 85%,9.1,55,20,631,d
chocolate,90% cacao noir,12,54,16,622,d
chocolate,L'intense chocolat noir 85%,11,49,22,601,d
chocolate,délice noir,5.2,36,47,534,e
chocolate,Merci,7.6,37.5,49.7,573,e
chocolate,Chocolat Noir 95% Togo,9,59,15,655,d
chocolate,L'original noir,5.1,30,56,528,e
chocolate,Dark Chocolate with Sea Salt,6.2,32,50,529,e
chocolate,Excellence Noir Sésame Grillé,6.8,32,50,531,e
chocolate,Chocolat 85%,11,43,24,561,d
chocolate,Шоколад с 6% парченца малини,1,4.9,4.5,552,c
chocolate,Chocolate negro 99% cacao,15,54,8,610,d
chocolate,,12,49,20,597,d
chocolate,90G FERRERO ROCHER TABLETTE LT,,,,,a
chocolate,Chocolat noir aux écorces d'orange,5.1,31,52,524,e
chocolate,Milka Tablette Noisette,8.2,37,47,563,e
chocolate,AFTER EIGHT Coffret 300g,2.2,13.3,72.9,426,e
fish,Sardines Huile d'Olive Vierge Extra,23,15,0,227,c
fish,,30.1,6.4,0.6,180,a
fish,Joly Thon Entier,33,1.1,0.97,175,a
fish,Atun,27,10,0,198,b
fish,Filets de maquereau,30.1,8.5,0.6,180,a
fish,Plain Sardines,22,7.8,0,158,a
fish,Atún con tomate,17,8.5,2.7,155,b
fish,Filet de maquereaux au naturel,18,15,0,206,c
fish,Filet de maquereaux grillés nature,20,17,0,233,d
fish,filets de maquereaux à l'huile végétale,30.1,15.6,0.6,180.1,b
fish,Filets de maquereaux vin blanc & aromates,13,11,0.8,155,b
fish,Filets de maquereaux moutarde a l'ancienne,13,17,1.2,211,c
fish,filets de sardines sans peau sans arêtes à l'huile végétale,19.8,16.1,6.3,249,c
fish,Filets de Maquereaux au Vin Blanc,12,12,0.9,160,c
fish,Thon Joly,33,4.4,0.96,175,a
fish,Sardines à l’huile d’olive,22,15,0,223,b
fish,Croustibat,13,8.7,16,289.083128471273,a
fish,Filets de maquereaux nature,20,14,0,206,b
fish,Filets de maquereaux grillés natures,18,15,0.5,206,c
fish,Filets de maquereaux,13,11,0.8,154,b
fish,Thunfisch Filets in eigenem Saft,27.8,0.8,0,118,a
fish,Filets de Maquereaux à la moutarde,11,17,0.6,201,d
fish,Sardines marinade citron basilic sans huile,22,7.2,1.2,158,a
fish,Conserverie Parmentier sardines,23.5,15,0,229,b
fish,Foie de Morue nature au sel de Guérande 121g Cble,4.6,59,2.3,560,d
fish,Filets de Sardines Citron Basilic,17,8.4,0.5,147,c
fish,TAM thon entier a l'huile,25.8,14.2,0,231,a
fish,Sardines sans arêtes au naturel,,,,,a
fish,Atún claro al natural,21,1.2,0.9,122.5,a
fish,Truite Fumée de France,22,7.4,0.5,155,d
fish,Sardines huile olive,24,12,0,208.163265306122,b
fish,Filets De Maquereaux À L’huile Végétale,27.1,11.6,0.5,217.2,unknown
fish,Sardines à la tomate,17,11,3.1,181,c
fish,Atún claro en aceite de oliva,19,31,0.9,357,c
fish,TAM THON - Huile,25.8,14.2,0,231,a
fish,Filet de sardine,21,16,0,307,c
fish,Truite des Pyrénées fumée,22.2,7.8,0.1,159,d
fish,Breizh Surimi saveur crabe x 10 sachets soit 30 bâtonnets,7.5,4.8,12,121,c
fish,"Truite fumée, Aquitaine",,,,,a
fish,le Breizh Surimi,7.5,4.8,12,121,c
fish,Sardines,24,12,0,234.48275862069,b
fish,Sardine à l’huile végétale,26.8,14.1,1.2,238.7,unknown
fish,Truite Fumée des Pyrénées,22,7.3,0.5,155,d
fish,Thon entier au nature,25,1,0,109,a
fish,Sardines huile d olive vierge,23,15,0,227,d
fish,Thon entier au naturel Albacore,25,1,0,109,a
fish,Thon a lhuile,29.6,2.8,0.2,145,a
fish,Joly,33,4.4,0.96,175.4,a
fish,Filets de maquereaux,18.48,10.8,0.16,171.76,b
fish,Sardines huil.olive extra v.St Gil.,23,12,0,200,b
fish,Sardines | In Extra Virgin Olive Oil,20.5555555555556,17.7777777777778,0,244.444444444444,d
fish,Thon entier au naturel albacore,25,1,0,109,a
fish,Rilettes de thon,17,22,1.5,275,b
fish,Bâton surimi,8.1,4.3,11,115,c
fish,Filets maquereau naturel,19,18,0,238,b
fish,Sardines huile d'olives et piment,23,15,0,227,c
fish,Filets de maquereaux Escabèche,11,18,2.2,210,c
fish,Colin d'Alaska MSC - 7 Céréales & Graines,13,7.2,19,196,b
fish,Thon Blanc au Naturel,26,5,0,198.666666666667,a
fish,Miettes de Maquereaux à la sauce tomate et aux épices,30.1,6.4,0.6,180.1,unknown
fish,Filet Maquereau Grillé,16,12,0.5,172,c
fish,Thon entier à l'huile,25.8,14.2,0,231,a
fish,Rillettes de saumon,16,21,1.8,263,b
fish,Sardines Label Rouge huile d'olive,23.3,15.5,0,236,a
fish,Filets de maquereaux grillés,14.17,24.17,0.42,274.17,b
fish,"Sardine huile tournesol et citron PARMENTIER, boîte 1/6",23,15,0,227,c
fish,Thon à l'huile végétale,21.1,26.3,0.5,321,d
fish,Atún en tomate,19,14,1.9,155,d
fish,Filets de sardines sans peau sans arêtes,26.6,8.1,0.6,182,b
fish,Filets de maquereaux moutarde,13,14,0.9,183,c
fish,Filets de maquereaux Huile d'Olive Vierge Extra,20,17,0,233,b
fish,Lachsforelle mild geräuchert in Scheiben,20.1,9.7,0,168,d
fish,Sardines généreuses au piment,23,15,0,195,b
fish,Peanut Butter Protein Bars,17.4,21.9,39.3,443,not-applicable
fish,4 portions de Colin d'Alaska,13,8,14,184,a
fish,Filet De Sardines,19.3,4.6,0.7,121,unknown
fish,Filets de Maquereaux Sauce Tomate et Basilic,11,13,2.8,173,c
fish,Thon entier à l’huile d’olive,25,17,0,253,b
fish,Sardines sans arêtes au citron et à l'huile d'olive vierge extra,24,12,0,204,b
fish,Sardines au naturel,22,8.4,0,172.631578947368,b
fish,Fischstäbchen,11.9,7.9,15.2,181,b
fish,Bâtonnets de surimi,8.2,4.2,10,112,c
fish,Sardines à l'huile d'olive vierge extra,24,15,0,234,b
fish,Sardines à l'huile d'olive vierge extra bio,24,12,0,204,b
fish,Thon entier au naturel,25,1,0,109,a
fish,Morceaux De Maquereaux,20.3,3.9,2.4,126,unknown
fish,Paëlla royale aux petites gambas et au safran,5.4,2.5,13,98,b
fish,Sardines généreuses à la tomate sans huile,,,,,a
fish,Thon entier au naturel,27,1.1,0,118,a
fish,Filets de MAQUEREAUX AU NATUREL,19,19,0,247,d
fish,Pescada,18,43.5,0.2,464,a
fish,Bâtonnets Colin d'Alaska MSC,12,9.4,22,222,b
fish,Filets de Thon à l'huile d'Olive vierge Extra,22,21,0.5,274,d
fish,Thunfisch Filets in Sonnenblumenöl,21,9,0,165,a
fish,Filets de Maquereaux Grillés avec un Trait d'huile d'olive,20,19,0.5,252,d
fish,thon Entier a l'huile végétale,22.4,12.4,0.5,263.3,d
fish,Filets de maquereaux aux vin blanc et aux aromates,13,11,0.5,154,b
fish,Filets de maquereaux au naturel,19,17,0,229,b
fish,Sardine à la tomate et à l'huile d'olive,12,11,2.5,158,c
fish,Sardines,24,12,0,204,b
meats,Le Supérieur -25% de Sel - Conservation sans Nitrite,22,2.8,0.5,115,c
meats,Le Supérieur - à l'Etouffée - Conservation sans Nitrite,22,2.8,0.5,115,c
meats,HERTA Lardons fumés conservation sans nitrite - 2x75g,17,19,0,239,e
meats,Blanc de Poulet,21,1.6,0.5,100,b
meats,Rôti de Poulet - 100% filet,22,2.2,0.5,109.333333333333,d
meats,Jambon Simplement Bio - Conservation sans nitrite,21,3.5,0.7,118,c
meats,jambon,21,2,0,102,c
meats,HERTA Blanc Poulet Nature conservation sans nitrite x4 -140g,21,2,0.9,105.6,b
meats,HERTA Lardons nature conservation sans nitrite - 2x75g,17,19,0,239,e
meats,Le Torchon - Cuit à l'Etouffée  - 25% de sel*,22,2.8,0.5,115,c
meats,Pechuga de Pavo Cocida 92%,19.6,1.2,0.8,89,c
meats,HERTA Allumettes Fumées conservation sans nitrite - 2x75g,17,19,0,239,d
meats,Aiguillettes de Poulet Rôti,24,1.5,2,118.666666666667,b
meats,ZERO NITRITE - LE SUPERIEUR,22,2.8,0.7,116,c
meats,Le Tranché Fin - Dégustation - 25% de sel*,22,2.8,0.5,115,c
meats,HERTA LE BON PARIS Jambon sel réduit sans nitrite x6-210g,21,2,0,102,c
meats,Blanc de Poulet,21,1.9,0.5,103.967495219885,a
meats,Jambon de porc Label Rouge Sans Nitrite,22,2.8,0.5,113,c
meats,Rôti de Porc - 25% de sel*,24,2.5,0.9,122,c
meats,Pechuguita de Pollo,26.8,2,0.4,100,a
meats,Paupiette de veau jardinière de légumes,8.1,4.9,7.6,123.666666666667,b
meats,Rôti de Porc - 100 % filet*,11.5,1.5,0.625,152.5,a
meats,HERTA LE BON PARIS Jambon conservation sans nitrite x2 - 70g,21,2,0,102,c
meats,Allumettes de Jambon,18.6666666666667,3.73333333333333,1.86666666666667,113.333333333333,d
meats,Bacon Fumé au bois de hêtre,21,2.9,0,110.898661567877,c
meats,Le Supérieur -25% de Sel - Conservation sans Nitrite,22,2.8,0.5,115,c
meats,Panés de poulet x2,12,11,17,219.646271510516,c
meats,HERTA LE BON PARIS Jambon Fumé sans nitrite x4 - 140g,21,2.4,0.9,109.2,c
meats,Rillettes du Mans - La véritable,16.2,40.5,0.4,431,e
meats,Delizias pechuga de pavo,16,0.9,1.8,79,c
meats,Blanc de Poulet - Doré au Four,21,1.6,0.5,100,a
meats,Jamón cocido lonchas,19,2.5,0.9,102,e
meats,Jambon SIMPLEMENT BON Sans couenne,22,2.8,0.5,115,c
meats,KNACKI 100% pur porc sans nitrite,13,23,1.5,265,e
meats,"Poulet au curry et au lait de coco, duo de riz",6.7,4.4,16,43.6666666666667,c
meats,Taboulé au poulet à la ciboulette,5.5,7.2,20,171,c
meats,Jamón Serrano,33.5,12.2,1,247.8,e
meats,Pork Sausages,21.6216216216216,18.018018018018,0,245.945945945946,d
meats,Jambon Le Supérieur à l'Étouffée - Conservation sans Nitrite,22,2.8,0.5,485.714285714286,c
meats,6 Pork Sausages,15.6,18,0.2,227,d
meats,Blanc de Poulet Nature Sans Nitrite,21,1.6,0.5,100,b
meats,HERTA LE BON PARIS Jambon sel réduit x6 -210g,21,2,0,102,c
meats,Filet de poulet rôti,23,2,0.5,137.112402058729,b
meats,HERTA Blanc Poulet Broche conservation sans nitrite x4 -140g,22,2,1,110,b
meats,Le Tranché Fin - Dégustation,22,2.8,0.5,115,c
meats,Pechuga de pavo reducido en sal finas lonchas,16.5,0.5,1.3,76,a
meats,Jamón cocido extra finas lonchas,18.6,2.5,0.9,44.4444444444444,c
meats,Le Supérieur à l'Etouffée,22,2.8,0.5,115,c
meats,Simplement BIO - Le supérieur - Conservation sans nitrite,21,3.5,0.7,118,c
meats,Jambon supérieur Sans nitrite,21,2.9,0.4,113,c
meats,Emincés de Poulet - 100% Cuisse,22,8.4,0.8,167,d
meats,Nuggets de poulet bio,11,8.1,21,209,c
meats,CHORIZO Doux,18,46,3,498,e
meats,HERTA KNACKI Saucisses 100% pur porc x6 - 210g,12,23,1.2,259.8,e
meats,HERTA KNACKI Saucisses 100% pur porc x10 - 350g,12,23,1.2,259.8,e
meats,Le Pâté Hénaff,17,21,0.5,257,d
meats,Le Jambon Supérieur à l'Étouffé,20,2.7,0.5,106,c
meats,Blanc de dinde 100% Filet,20,1.2,1.8,101,a
meats,HERTA allumettes de Bacon 2x100g - 200g,19,3,0.8,106.2,d
meats,Pechuga de Pollo 92%,18.1,1.7,1,89,e
meats,Le Supérieur - à l'Etouffée,22,2.8,0.5,115,c
meats,MAGGI Fond de Veau Dégraissé boîte 100g,,,,,b
meats,HERTA KNACKI Saucisses 100% Poulet x10 - 350g,15,15,2,203,d
meats,Nuggets de poulet panés,16,6.4,13,173,a
meats,Le Torchon - Cuit à l'Etouffée  - 25% de sel,22,2.8,0.5,115,c
meats,Blanc de Poulet - Rôti à la Broche,21,2,0.5,104,b
meats,jamón cocido extra 1954,19.4,3.5,0.5,112,d
meats,Blanc de poulet,21,1.9,0.5,103,a
meats,Pollo relleno asado al horno,18.5,9.5,1.7,110,d
meats,Parmentier de canard confit,7.33333333333333,6,9.33333333333333,122,d
meats,HERTA Lardons Fumés 200g,17,20,0,248,e
meats,Jambon supérieur,20,3,1,111,c
meats,Viande des GRISONS,38,4,1.5,194,e
meats,Escalope Cordon Bleu de qualité supérieure,18,14,11,244,b
meats,Véritables knacks d'Alsace,13,24,0.9,271,e
meats,Rillettes de Poulet Rôti en cocotte,15,27,2,309,d
meats,Gésiers de volaille confits,23,7.1,0,156,b
meats,Aiguillettes de poulet au miel et aux épices semoule,8.4,1.5,17,123,a
meats,Tiras de pechuga de pollo al natural,23.4,1.2,0.6,452,b
meats,Aiguillettes de poulet saveur citron surgelées,21,1.3,2.9,108,a
meats,Allumettes de poulet,19,6,0.5,130,b
meats,HERTA KNACKI Saucisses 100% pur porc sans nitrite x10 350g,13,23,1.5,265,e
meats,Fuet Espetec,27.5,34,1.4,421,e
meats,HERTA LE BON PARIS Jambon à l'étouffée sans nitrite x8 -280g,21,2,0,102,c
meats,Gebraden Ham / Jambon Rôti,20,3,2,115,c
meats,Rôti de Porc - 25% de Sel*,24,3,0.9,127,c
meats,Yaourt cereal,2.3,3,14.7,95,e
meats,Chorizo entier,18,46,3,498,e
meats,Le pâté de porc Hénaff,17,21,0.5,257,d
meats,Aiguillettes de poulet aux épices tandoori,23,2.5,2.2,121,a
meats,HERTA LE BON PARIS Jambon à l'étouffée x2 - 85g,21,2.3,0,104.7,c
meats,Le Torchon - Cuit à l'Etouffée  - 25% de sel*,22,2.8,0.5,115,c
meats,Jambon - Simplement bon à l'étouffée,22,2.75,0.4375,115,c
meats,Blanc de poulet 100% filet,20,2.4,0.8,106,a
meats,Escalope cordon bleu de poulet 100% filets,14,9.1,15,202,c
meats,Coq ailes Nature 250g,20,10,6.1,198,b
meats,Tiras de pechuga de pollo al horno,23.4,1.2,0.6,76.4285714285714,b
meats,Nuggets de poulet 100% filet,16,10,18,228,a
meats,HERTA Bacon CSN 10T,21,2.9,0.5,110,d
meats,HERTA KNACKI Saucisses 100% Poulet x6 - 210g,15,15,2,203,d
pasta,Gnocchi à poêler,5,2.7,35,190,c
pasta,SPAGHETTI No 5,13,2,71,359,a
pasta,Lustucru gnocchi a poêler 520g,5,2.7,35,190,c
pasta,INTEGRALE WHOLE WHEAT PENNE RIGATE,13,2.5,64,347,a
pasta,,10,0,67,442,unknown
pasta,Nouille instantanées goût poulet,,,,,c
pasta,PENNE RIGATE N°73,13,2,71,359,a
pasta,Lasagne all'uovo,14,4,68,368,a
pasta,"Ravioli au tofu, tomates, basilic",3.8,3.1,15,111,b
pasta,Fusilli 98,13,2,71,359,a
pasta,Ricotta & Épinards,11,11,25,251,c
pasta,Gnocchi aux pommes de terre,5.1,2.7,36,193,c
pasta,Pâtes spaghetti au blé complet integral 500g,13,2.5,64,347,a
pasta,Spaghetti au Quinoa Persil Ail,12,2.2,76,381,a
pasta,"céréales et légumes, façon pad thaï, bio",5.8,4.5,12,121.363636363636,b
pasta,Girasoli Pesto basilic et pignons,8.7,16,29,309,c
pasta,Indomie instant noodles baladi chicken flavor,11.42,17.14,61.42,452.8,unknown
pasta,Spaghetti Senza Glutine,6.5,1.5,79,358,b
pasta,Pâtes spaghetti n°5 1kg,13,2,71,359,a
pasta,GIRASOLI RICOTTA EPINARD,8.1,10,29,244,d
pasta,Penne Rigate,13,2,71,359,a
pasta,Les Crozets au Sarrasin,13,3,70,365,a
pasta,Pâtes linguine collezione 500g,13,2,71,359,a
pasta,Penne Rigate Senza Glutine,6.5,1.5,79,358,b
pasta,Plaisir du Primeur -  Girasoli cèpes,8.7,8.4,32,250,c
pasta,Pasta Barilla,13,2,71,359,a
pasta,Le Ravioli pur boeuf,3.8,2.3,13,87,c
pasta,Ravioli bio au blé complet épinards ricotta burrata,9.9,11,27,254,c
pasta,Spaghetti au Quinoa Tomate,11,1.9,74,366,a
pasta,"Soupe Thai  (Nouilles, champignons et pousses de soja)  د تای سوپ",,,,,c
pasta,Pâtes fraîches jambon cru,15,8.3,39,293,d
pasta,Buldak Hot Chicken Flavor Ramen,7,15,66,427,unknown
pasta,Ravioli pur bœuf  sans colorant ni conservateur,3.8,2.3,13,87,c
pasta,Fussili,14.5,1.6,69.5,356,a
pasta,VERMICELLES DE RIZ,2.24,0.64,30.72,133.720930232558,b
pasta,Pâtes coquillettes 1kg,13,2,71,359,a
pasta,gnocchi di patate,5,0.4,33,158.699808795411,c
pasta,Pastabox Bolognaise,7.5,2.8,17,126.969696969697,b
pasta,Indomie,10,15,66,436.619718309859,unknown
pasta,BARILLA TAGLIATELLE 500g,13,2,71,359,a
pasta,Penne Rigate N°66,14.5,1.6,69.5,361,a
pasta,Tire-bouchons semi-complets,12.3,1.6,71,357,a
pasta,Tortelloni Ricotta et épinards,9.2,10.8,34.2,276,d
pasta,Torti qualité supérieure 500g,12,2,72,361,a
pasta,Ramen soja caramel,,,,,b
pasta,Tagliatelles aux œufs frais,10,2.7,53,281,a
pasta,maggi,,,,,e
pasta,GIRASOLI PESTO ROSSO,9,13,30,282,c
pasta,Spaghetti blé complet Bio,13,1.9,65,343,a
pasta,Fusilli No. 34,14,1.5,69,351,a
pasta,Nouilles poulet teriyaki,1.6,4.1,10,84,unknown
pasta,Ravioli boeuf,9,7,40,264,c
pasta,Rummo Linguine N°13,14.5,1.6,69.5,356,a
pasta,lasagne,12,2,72,361,a
pasta,Spaghettini N°3,13,2,71,359,a
pasta,Pipe Rigate,13,2,71,359,a
pasta,Lustucru girasoli tomate basilic mozzarella 250g,8.5,9.1,31,245,d
pasta,Capellini Nr. 1,13,2,71,359,a
pasta,Linguine- Pâtes alimentaires de semoule et de blé dur 500G,13,2.5,64,347,a
pasta,Torsades complètes,14,2,64,336,a
pasta,Pâtes coquillettes 500g,13,2,71,359,a
pasta,coquillette,13,2.5,64,347,a
pasta,Buldak HOT Chicken Flavor Ramen,9.28,12.14,62.85,467,e
pasta,Beef Flavour,1.4,3.8,9,76,unknown
pasta,Coquillettes,12,2,72,361,a
pasta,Coquillettes semi-complètes,12.3,1.6,71,357,a
pasta,Girasoli Potiron & Petits Oignons Grillés Plaisir du Primeux,8.8,7.8,32,247,b
pasta,Shrimp Flavour,1.3,3.6,9.2,75,unknown
pasta,Nouilles en nid,5,0.8,27,135,a
pasta,Ramen saveur boeuf,5.2,0.8,32,160,unknown
pasta,Ravioles du Dauphiné LABEL ROUGE IGP 240g,13,12,30,280,d
pasta,Nouilles aux oeufs,5.7,1.4,31,162,b
pasta,Penne Rigate Protein +,20,1.7,63,354,a
pasta,Fusilli Protein + Barilla 400g,20,1.7,63,354,a
pasta,Avoines,12,2,72,360,b
pasta,Lustucru tortellini jambon cru 250g,12,7.7,41,285,d
pasta,Ravioles du Dauphiné LABEL ROUGE IGP Lot de,13,12,30,285,d
pasta,SOBA Classic,,,,,d
pasta,"Rana Bacon, mozzarella & speck",12,12,30,284,d
pasta,Les Crozets Nature,13,3,70,365,a
pasta,Ramen,10.8333333333333,1.77833333333333e-05,57.9166666666667,440,unknown
pasta,Fusilli Blé complet,13,2,70,360,a
pasta,Gnocchi,4.5,0.4,37.6,175.669216061185,c
pasta,Monte Regale Italian Spaghetti,12,1.2,71,350,a
pasta,Nouilles japonaises saveur boeuf teppanyaki,1.9,3.5,10,80.5449330657,unknown
pasta,Tortellini Ricotta & Epinard,8.7,5.6,40,251,c
pasta,Saint Jacques,6.66666666666667,2.4,15,110.333333333333,b
pasta,Tortellini ricotta & épinards,9,7.8,35,257,c
pasta,"Grandi Girasoli - Ricotta, Epinards & Mascarpone",11,8.7,26,237,d
pasta,Nouilles aux œufs,,,,,a
pasta,Tortelloni ricotta epinards,8.7,7.8,38,263,c
pasta,Poulet citron,10,15.7142857142857,65.7142857142857,447.142857142857,unknown
pasta,Pates fraiches farcies aux girolles,9.2,9.3,26,237,c
pasta,Pâtes spaghettoni n°7 500g,13,2,71,359,a
pasta,Linguine n° 7,14,1.5,69,351,a
pasta,Vegetable Flavour,,,,,c
pasta,Torsades au blé complet,11,2,65,337,a
pasta,,,,,,unknown
pasta,,11.2,0.16,76.5,352,unknown
pasta,Pasta Lentejas,26,1.7,50,334,a
potatoes,La Rissolée,,,,,a
potatoes,Potato Wedges,2.2,3.3,21,128,c
potatoes,Country Potatoes aux herbes,2.5,5,21,145,b
potatoes,Poêlée de pommes de terre🥔 grenaille,2.6,3.7,19,122,b
potatoes,Chips Snack,2.9,28,59.2,507,d
potatoes,Pommes rissolées dorées et croustillantes,2.5,5.7,22,145,unknown
potatoes,Pommes rissolées,2.5,3,22,130,a
potatoes,Patatas Cocidas,1.2,0,11,53,c
potatoes,pommes de terre façon rôtissoire,3.5,4.8,20,143,b
potatoes,Crispy Hash Browns,2.6,9.3,26,204,c
potatoes,Potato pops signature,2.5,8.5,23,183,c
potatoes,Rissolées du sud ouest,2.4,9.6,17.8,171,c
potatoes,,1.9,0.5,15.9,76,a
potatoes,Pommes rissolées,2.6,3.2,24,139,a
potatoes,Batata Rustica,2.5,6.1,20,150,c
potatoes,Pommes rissolées,2.2,3.3,19,120,b
potatoes,Pommes rissolées 1kg,2.2,2.8,21.9,128,a
potatoes,wedges au thym citron,2.1,7.6,14,139,b
potatoes,Pommes rissolées sachet de 1kg,2.2,3.3,19,120,b
potatoes,Pdt grenaille,2.2,4.4,17,121,c
potatoes,Patatas prefritas con piel,2.6,3.9,21,134,b
potatoes,Tortilla Nature,6.1,7.6,16,160,c
potatoes,Velouté de Poireaux Pomme de terre,0.7,1.5,4.7,38,c
potatoes,Pommes de Terre Entières,1.8,0,17,77,b
potatoes,Pomme de terre sud ouest à l'échirlète,3,8.5,19,27.6666666666667,c
potatoes,Hash Browns,2.92,8.92,28,209,c
potatoes,JACKETS SLOW BAKED,2,0.5,33,15500,b
potatoes,Pomme rissolées en cubes,2.3,2.9,20.8,123,b
potatoes,Crousti express,3,11,27,227,a
potatoes,Pommes de terre minute,,,,,unknown
potatoes,Patatas paja,6.9,34,51,545,d
potatoes,Puré original natural,,,,,a
potatoes,Pommes de terre grenaille,2.9,6,21,153,b
potatoes,Pommes de terre à la Sarladaise,2.7,12.3,21.2,211,c
potatoes,Pommes Rissolées,2.2,3.6,20.3,125,b
potatoes,Pomme de terre salardaise,2.4,12,20,183,c
potatoes,Pommes de terre,1.4,0.5,13,62,b
potatoes,Pommes rissolées XL en cubes,2.4,3.4,20.4,127,b
potatoes,Potatoes Nature,2.3,4.4,21,147,c
potatoes,Pommes de terre grenaille,2,4.6,17,139,c
potatoes,Pommes de terre en cubes,2,0.3,15.8,75,a
potatoes,Pommes Rissolées,2.2,2.8,21.9,128,a
potatoes,Pom'Potatoes paprika 600g,2.3,3.9,20.1,131,b
potatoes,Pommes de terre coupees a l'ancienn,2.7,3.3,22,132,a
potatoes,Les pommes de terre rissolées,2.5,2.9,24,136,a
potatoes,Rissolees À La Graisse De Canard,2.8,12,19,203,c
potatoes,Kartoffeln festkochend,1.86,0.7,17.9,80,b
potatoes,Pommes de terre noisettes 350g,2.8,7.5,26,187,c
potatoes,NEW POTATOES,1.5,0.1,15.1,66,a
potatoes,Pommes de terre en rondelles,2,0.22,15.8,75,a
potatoes,Pommes de terre salade vapeur,2.05,0.09,17.49,77,b
potatoes,Princesse Amandine,2,0.22,15.8,75,a
potatoes,Hashbrown Potatoes,6.25,0,81.25,375,e
potatoes,Pommes rissolées,2.3,4.2,24,148,b
potatoes,Patatas corte grueso tradicional,2.1,2.4,20,116,b
potatoes,Pomme de terre en lamelles,1.8,0.3,16.2,76,a
potatoes,Herzoginkartoffeln,2.7,8.7,25.8,198,c
potatoes,Sweet Potatoes,1.1,0.3,21.3,97,c
potatoes,Rosmarinkartoffeln,1.6,2,14,84,unknown
potatoes,Russet Potatoes,2.02702702702703,0,17.5675675675676,74.3243243243243,unknown
potatoes,12 Potato Waffles,3.04347826086957,9.3495652173913,30.4347826086957,219.565217391304,c
potatoes,Pommes de terre Grenaille,1.7,0.2,15.4,74,a
potatoes,Pommes de terre rissolées 450g,2.2,3.3,19,120,b
potatoes,Pomme de terre Grenaille,,,,,b
potatoes,Patata para microondas,1.7,0.1,15.7,70,a
potatoes,Pommes de terre Raclette Minute,2.05,0.09,17.49,77,b
potatoes,Ready Baked Jacket Potato,2.4,0.5,21.7,107,a
potatoes,"Grönsakskaka, 600gr",2.6666666666667,10.666666666667,14.666666666667,173.33333333333,d
potatoes,Pommes de terre grenailles 450g,2.2,4.5,16,116,c
potatoes,Pommes de terre de consommation,,,,,unknown
potatoes,Pommes de terre vapeur raclette gratin rissolees,,,,,unknown
potatoes,Pommes de terre sarladaises aux cèpes,2.5,11.1,18.6,187,c
potatoes,Pommes de terre rouge chair ferme,2,0,19,80,b
potatoes,Pommes de terre,2.1,0.5,14,67,a
potatoes,Knusper Kartoffeltaschen,3,8,23,182,c
potatoes,Pommes de terre,1.4,0,13,62,b
potatoes,Pommes de terre façon Rôtissoire,2.4,7,23,168,c
potatoes,Jackets Slow Baked,2,0.5,18,64,b
potatoes,"Pommes de terre four, purée, potage",,,,,unknown
potatoes,Speisefrühkartoffeln vorwiegend festkochend,1.88,0.3,15.9,76.4,a
potatoes,pomme de terre épluchée,1.9,0.5,11,68,a
potatoes,Pommes de terre four puree potage,,,,,b
potatoes,Patatas bravas,2.2,9.7,16,164,c
potatoes,Patatas cocidas,1.2,0.5,12,57,c
potatoes,Pommes De Terre Cubes,1.4,0.5,13,58,a
potatoes,Reibekuchen,1.6,0.1,16,75,c
potatoes,Pommes de terre entière sans peau,1.1,0.9,16,78,a
potatoes,Les pommes de terre rissolées,2.5,2.9,24,136,a
potatoes,Pommes rissolées,2.3,4.2,24,146,b
potatoes,Pommes de terre,2.6,5.7,24.6,161,unknown
potatoes,Ces pommes de terres rémunèrent au juste prix leurs producteurs,,,,,b
potatoes,Pommes de terre vapeur raclette gratin rissolees,,,,,unknown
potatoes,Kartoffel Wedges,2.4,3.5,20,126,b
potatoes,Pommes rissolées imparfaites,,,,,unknown
potatoes,,2,3.6,17,111,c
potatoes,Pommes de Terre,1.4,0.3,15,66,a
potatoes,Pommes de terre,1,0.1,18,77,b
potatoes,"Rosmarinkartoffeln // 0 kg Kart.frisch oben / 0,0 kg frisch Keller",2.7,1.3,14,88,c
potatoes,Pommes de terre Grenaille MICRO-ONDABLES,1.88,0.3,15.9,76.4,a
potatoes,Spicy Potato Wedges,2.7,3.2,22.4,92,a
vegetable,Pringles Original,5.9,31,56,477.333333333333,d
vegetable,Carottes rapees citron dnp 320g,1,4.5,5.5,73,a
vegetable,Aubergines cuisinées à la Provençal,1.2,5.2,6.7,83,a
vegetable,Concentré de tomates Aicha,1.24324324324324,0.108108108108108,6.40540540540541,31.6216216216216,a
vegetable,Aicha Tomato Paste,4.6,0.4,23.7,117,c
vegetable,Tomates Cerises,,,,,a
vegetable,Chopped Tomatoes,1.3,0.2,4,26,b
vegetable,Courgettes à la Provençale 1/2,1.7,2.5,7.3,63,a
vegetable,Carottes rapees citron dnp 500g,1,4.5,5.5,14.6,a
vegetable,Haricots Verts extra-fins 1/2,1.4,0.1,2.3,20,a
vegetable,Carottes râpées à la ciboulette,1.1,5.2,5.6,79,a
vegetable,Mes Carottes râpées à la ciboulette,1.1,5.2,5.6,79,a
vegetable,Tomates cerises allongées,,,,,a
vegetable,Haricots Verts extra-fins 1/4,1.4,0.1,2.3,20,a
vegetable,Curry de pois chiches aux épices douces d'aucy 380g,3.5,3.5,9.3,89,b
vegetable,Peeled Tomatoes in tomato juice,1.3,0.4,4.1,29,b
vegetable,Cornichons aigres-doux Recette Paysanne,0.9,0.2,4.9,30,c
vegetable,Ketchup,1.2,0.5,22,102,d
vegetable,Carottes râpées au jus de citron de sicile,0.9,7.3,4.7,94,a
vegetable,Poêlée Paysanne 750g,1.7,2.7,7.4,44.6666666666667,a
vegetable,Polpa Tomates concassées fines,1.2,0.2,3.9,26,a
vegetable,Haricots Verts extra-fins 4/4,1.4,0.1,2.3,20,a
vegetable,Maille Cornichons Extra-Fins L'Original Bocal 380g,,,,,a
vegetable,Tomater Hakkede Økologisk 400g Mutti,1.2,0.2,3.9,25,a
vegetable,Poêlée Parisienne 750g,2.5,4.3,9.1,91,b
vegetable,Solis,1.2,3.6,8.6,68,a
vegetable,Petits Pois & Carottes,3.6,0.7,7.6,59,a
vegetable,Passierte Tomaten,1.6,0.5,5.1,36,a
vegetable,Bouillon Légumes,,,,,a
vegetable,Petits Pois 1/4,5,0.9,9.1,75,a
vegetable,Poivrons cuisinés piment Espelette,1.5,3.2,8.2,70,a
vegetable,Rata & Quinoa,1.9,5.7,8.7,99,c
vegetable,Carottes rapees citron,1,4.5,5.5,73,a
vegetable,Томаты Протёртые,1.6,0.5,5.1,36,c
vegetable,Courgettes à la Provençale 1/4,1.8,3.4,5.5,62,a
vegetable,Tomates cerises allongées,0.3796,0.1224,1.402,8,a
vegetable,Amora Croq'Vert Cornichons Extra-Fins aux Épices & Aromates 210g,1.2,0.5,0.5,22,c
vegetable,Coulis de tomate bio,0.9,0,3,40,a
vegetable,"Coleslaw, choux blanc et carottes",0.9,7.7,7.9,109,b
vegetable,La Poêlée Champêtre 950g,2.6,0.4,5.5,45,a
vegetable,White Asparagus,1.7,0.2,1.6,18,a
vegetable,Concombre fromage blc 320g,1,7.5,3,86,c
vegetable,Poêlée de légumes à la provencale,1.3,4.3,4,63,a
vegetable,Petits Pois 1/2,5,0.9,9.1,75,b
vegetable,Concassé de tomate au jus,1.3,0,4,24,a
vegetable,Poêlée lég & céréales - Butternut,3.9,3.4,9.1,89,b
vegetable,Carottes râpées au jus de citron,0.9,4,6.3,71,a
vegetable,Mes Carottes râpées à la Ciboulette,1.1,5.2,5.6,79,a
vegetable,Tomate triturado,0.8,0,5.5,23,a
vegetable,Tomatenpuree,4.7,0.5,15.7,97,a
vegetable,Haricots verts Plats à la Provençal,1.5,1.7,5.9,53,a
vegetable,Polpa Rustica di Pomodoro,1.2,0.2,3.9,25,a
vegetable,Légumes à la mexicaine,4.5,3.4,9.6,96,a
vegetable,Haricots verts extra-fins coupés,2.1,0,4.4,34,a
vegetable,Chair de tomates,1.5,0,4.9,33,a
vegetable,Poêlée cuisinée à la forestière,2,5.1,11,101.777777777778,b
vegetable,Haricots verts extra-fins,1.4,0,1.8,18,unknown
vegetable,Aubergines cuisinées à la Provençale,1.2,5.2,6.7,83,a
vegetable,Kimchi,1.1,0.4,1,15,c
vegetable,Poêlée du marché,2.7,2.2,4.2,54,a
vegetable,Légumes à la basquaise,1.1,6,4.3,80,a
vegetable,Petits Pois et Carottes 4/4,3.6,0.7,7.6,59,a
vegetable,Carottes,1.2,3.8,4.7,72,a
vegetable,Cornichons Extra-fins aux 5 épices et aromates,1.2,1,0.7,16,b
vegetable,Haricot verts,1.6,0.1,1.5,20,a
vegetable,Coeurs d'artichauts,1.4,0,4,27,a
vegetable,Tomates pelées bio,1.2,0.3,4.6,20,a
vegetable,Tomates cerises allongées,,,,,a
vegetable,Carottes,1.2,3.8,4.7,77,a
vegetable,Coleslaw Chou blanc et carottes,0.9,8.5,6.3,110,c
vegetable,Polpa,1.2,0.2,3.9,12.3809523809524,a
vegetable,Betterave moutarde 320g,1.5,1,7.5,51,a
vegetable,Tomates pelées entières au jus,1.2,0.5,3,23,a
vegetable,Sun-Dried Tomatoes with sea salt,7,0.7,20,138,unknown
vegetable,Aubergines cuisinées à la provençale d'aucy 380g,1.1,4.6,5.1,72,a
vegetable,Purée de tomate,1.2,0,3.5,23,a
vegetable,Double Concentré de Tomates,3.9,0.6,15.9,84,a
vegetable,Haricots rouges - 1/2,6.8,0.7,12,94.1,b
vegetable,Ratatouille A la provençale,1.2,4.3,5,70,a
vegetable,Petits pois à l'étuvée extra fins,4,0.6,8,62,a
vegetable,Fondue de poireaux,0.9,4.1,3.4,58,a
vegetable,Poêlée de légumes grilles,1.6,2.1,5.3,51,a
vegetable,Haricots verts extra fins 4/4,1.3,0.5,2.3,24,a
vegetable,Wok de légumes et nouilles à l'Asiatique,3.4,2.6,17,108,b
vegetable,eingelegte Paprika,1.5,0.5,5.4,33,a
vegetable,Geschälte Tomaten,1.2,2.2,6.7,22,a
vegetable,Tomate pelées,1.1,0.5,3.6,22,a
vegetable,RIZ,7.7,2.6,74,375,unknown
vegetable,Maille Cornichons Fins Bocal 300g,0.6,0.5,2,13,c
vegetable,Tomates cerises mélangées,,,,,a
vegetable,Courgettes cuisinées à la provençale d'aucy 380g,1.4,5.5,4.9,79,a
vegetable,cœurs de palmiers,2.4,0.1,2.9,27,a
vegetable,Ratatouille à la provençale,1.2,4.1,5.7,69,a
vegetable,Courgettes à la Provençale 4/4,1.8,3.4,5.5,62,a
vegetable,Gnocchis De Légumineuses,5.5,3.3,12,107.313575525813,b
vegetable,Bio passierte Tomaten,1.7,0.05,5.6,33,a
vegetable,Haricots verts extra fins rangés d'aucy 440g,,,,,a
vegetable,Pepinillos/ Pepinos agridulces grandes,1,0.1,5.6,33,c
vegetable,Epinards SRP 750G,2.5,0.4,1.5,24,a
vegetable,Mentos Pure Fresh,0,0,73,181,not-applicable
